	distance/interval	rank	unit_id
0	0.04461236537573958	1	1410665
2	0.022643483122401036	2	1410947
1	0.01939944844270169	3	1410656
4	0.0032310585274735334	4	1410670
3	0.0	5	1411607
